"","LGA","Ward","time","count"
"2","Sanga","Aboro",2023-10-01,2
"14","Kachia","Awon",2023-10-01,2
"17","Kaduna_South","Badiko",2023-10-01,2
"18","Kauru","Badurum",2023-10-01,2
"22","Igabi","Birnin_Yero",2023-10-01,2
"23","Kachia","Bishini",2023-10-01,4
"39","Giwa","Danmahawayi",2023-10-01,2
"42","Kauru","Dawaki",2023-10-01,3
"45","Kachia","Doka",2023-10-01,2
"54","Giwa","Galadimawa",2023-10-01,2
"55","Soba","Gamagira",2023-10-01,4
"60","Markafi","Gazara",2023-10-01,2
"70","Markafi","Gubuchi",2023-10-01,3
"78","Kaduna_North","Hayin Banki",2023-10-01,2
"85","Jemaa","Jagindi",2023-10-01,2
"86","Ikara","Jamfalan",2023-10-01,2
"89","Sabon_Gari","Jushi",2023-10-01,5
"92","Kaura","Kadarko",2023-10-01,2
"99","Giwa","Kakangi",2023-10-01,2
"100","Chikun","Kakau",2023-10-01,4
"114","Kudan","Kauran Wali South",2023-10-01,2
"118","Lere","Kayarda",2023-10-01,2
"119","Igabi","Kerawa",2023-10-01,2
"120","Giwa","Kidandan",2023-10-01,2
"122","Kaura","Kpak",2023-10-01,2
"124","Kudan","Kudan",2023-10-01,2
"125","Lere","Kudaru",2023-10-01,2
"136","Birnin_Gwari","Kuyello",2023-10-01,2
"140","Soba","Kwasallo",2023-10-01,2
"152","Soba","Maigana",2023-10-01,2
"154","Kauru","Makami",2023-10-01,2
"155","Markafi","Makarfi",2023-10-01,4
"156","Kaduna_South","Makera",2023-10-01,2
"159","Kajuru","Maro",2023-10-01,2
"175","Birnin_Gwari","Randagi",2023-10-01,3
"179","Igabi","Rigasa",2023-10-01,2
"183","Jaba","Sab-Zuro",2023-10-01,2
"189","Kaduna_South","Sabon Gari South",2023-10-01,7
"195","Kaduna_North","Sardauna",2023-10-01,2
"204","Kaduna_South","Television",2023-10-01,2
"205","Kaduna_South","Tudun Nupawa",2023-10-01,2
"206","Markafi","Tudun Wada",2023-10-01,2
"207","Zaria","Tudun Wada",2023-10-01,2
"208","Kaduna_South","Tudun Wada Nrth",2023-10-01,3
"209","Kaduna_South","Tudun Wada South",2023-10-01,2
"210","Zaria","Tukur Tukur",2023-10-01,2
"214","Zangon_Kataf","Ung Rimi",2023-10-01,2
"216","Zaria","Unguwan Juma",2023-10-01,2
"227","Sabon_Gari","Zabi",2023-10-01,3
"229","Igabi","Zangon Aya",2023-10-01,3
"230","Kaura","Zankan",2023-10-01,2
"234","Lere","Abadawa",2023-11-01,3
"235","Sanga","Aboro",2023-11-01,4
"243","Kagarko","Aribi",2023-11-01,3
"249","Kaduna_South","Badiko",2023-11-01,2
"252","Sabon_Gari","Basawa",2023-11-01,5
"253","Birnin_Gwari","Birnin Gwari 2",2023-11-01,3
"261","Sabon_Gari","Chikaji",2023-11-01,3
"274","Soba","Danwata",2023-11-01,2
"282","Jaba","Fada",2023-11-01,4
"286","Giwa","Galadimawa",2023-11-01,2
"287","Soba","Gamagira",2023-11-01,4
"288","Giwa","Gangara",2023-11-01,2
"292","Markafi","Gazara",2023-11-01,3
"296","Jemaa","Gidan Waya",2023-11-01,3
"298","Markafi","Gimi",2023-11-01,2
"304","Lere","Gure/Kahugu",2023-11-01,2
"307","Igabi","Gwaraji",2023-11-01,2
"309","Sabon_Gari","Hanwa",2023-11-01,2
"332","Kajuru","Kajuru",2023-11-01,2
"334","Giwa","Kakangi",2023-11-01,2
"338","Kajuru","Kallah",2023-11-01,2
"349","Kudan","Kauran Wali North",2023-11-01,2
"351","Kauru","Kauru East",2023-11-01,2
"360","Kudan","Kudan",2023-11-01,2
"361","Lere","Kudaru",2023-11-01,2
"362","Kajuru","Kufana",2023-11-01,2
"364","Chikun","Kujama",2023-11-01,2
"369","Kachia","Kurimin Musa",2023-11-01,2
"371","Birnin_Gwari","Kutemeshi",2023-11-01,2
"379","Lere","Lazuru",2023-11-01,2
"380","Lere","Lere",2023-11-01,2
"384","Birnin_Gwari","Magajin Gari 1",2023-11-01,2
"385","Kubau","Mah",2023-11-01,4
"389","Kauru","Makami",2023-11-01,2
"390","Kaduna_South","Makera",2023-11-01,2
"392","Kaura","Manchok",2023-11-01,2
"395","Sabon_Gari","Muchia",2023-11-01,4
"409","Lere","Ramin Kura",2023-11-01,2
"423","Kaduna_South","Sabon Gari  North",2023-11-01,2
"424","Kaduna_South","Sabon Gari South",2023-11-01,4
"425","Kaduna_South","Sabon Gari West",2023-11-01,2
"431","Kaduna_North","Sardauna",2023-11-01,2
"438","Jemaa","Takau",2023-11-01,2
"441","Kaduna_South","Tudun Nupawa",2023-11-01,6
"444","Kaduna_South","Tudun Wada Nrth",2023-11-01,2
"446","Zaria","Tukur Tukur",2023-11-01,2
"452","Zaria","Unguwan Juma",2023-11-01,2
"463","Kudan","Zabi",2023-11-01,2
"466","Igabi","Zangon Aya",2023-11-01,3
"472","Sanga","Aboro",2023-12-01,2
"480","Jemaa","Asso",2023-12-01,4
"482","Ikara","Auchan",2023-12-01,2
"486","Kaduna_South","Badiko",2023-12-01,2
"488","Jemaa","Barde",2023-12-01,2
"490","Sabon_Gari","Basawa",2023-12-01,10
"492","Kachia","Bishini",2023-12-01,2
"498","Sabon_Gari","Chikaji",2023-12-01,8
"502","Kauru","Damakasuwa",2023-12-01,2
"508","Markafi","Danguzuri",2023-12-01,3
"518","Jaba","Fada",2023-12-01,3
"519","Kaura","Fada",2023-12-01,2
"522","Chikun","G/Gwada",2023-12-01,2
"524","Soba","Gamagira",2023-12-01,4
"529","Birnin_Gwari","Gayam",2023-12-01,2
"532","Zangon_Kataf","Gidan Jatau",2023-12-01,2
"536","Markafi","Gimi",2023-12-01,2
"543","Markafi","Gwanki",2023-12-01,2
"548","Kubau","Haskiya",2023-12-01,3
"552","Kagarko","Iddah",2023-12-01,3
"553","Kajuru","Idon",2023-12-01,2
"557","Jemaa","Jagindi",2023-12-01,2
"558","Ikara","Jamfalan",2023-12-01,2
"560","Sabon_Gari","Jushi",2023-12-01,5
"561","Kaduna_North","Kabala",2023-12-01,2
"567","Kagarko","Kagarko South",2023-12-01,2
"568","Jemaa","Kagoma",2023-12-01,2
"569","Kajuru","Kajuru",2023-12-01,2
"579","Kubau","Kargi",2023-12-01,5
"582","Kachia","Katari",2023-12-01,2
"594","Soba","Kinkiba",2023-12-01,2
"602","Kagarko","Kukui",2023-12-01,2
"612","Birnin_Gwari","Kuyello",2023-12-01,3
"616","Soba","Kwasallo",2023-12-01,3
"622","Kudan","Lokoro",2023-12-01,2
"624","Birnin_Gwari","Magajin Gari 1",2023-12-01,2
"626","Kubau","Mah",2023-12-01,3
"634","Kajuru","Maro",2023-12-01,3
"636","Sabon_Gari","Muchia",2023-12-01,3
"637","Sanga","Nandu",2023-12-01,2
"640","Jaba","Nduya",2023-12-01,2
"656","Ikara","Rumi",2023-12-01,3
"660","Lere","Sabon Birni",2023-12-01,2
"663","Kaduna_South","Sabon Gari  North",2023-12-01,4
"664","Kaduna_South","Sabon Gari South",2023-12-01,4
"665","Kaduna_South","Sabon Gari West",2023-12-01,5
"669","Jaba","Samban",2023-12-01,2
"678","Jemaa","Takau",2023-12-01,4
"679","Kajuru","Tantatu",2023-12-01,2
"681","Kaduna_South","Tudun Nupawa",2023-12-01,5
"683","Zaria","Tudun Wada",2023-12-01,2
"684","Kaduna_South","Tudun Wada Nrth",2023-12-01,2
"686","Zaria","Tukur Tukur",2023-12-01,2
"692","Zaria","Unguwan Juma",2023-12-01,2
"695","Kaduna_North","Unguwar Sarki",2023-12-01,2
"698","Sanga","Wasa",2023-12-01,2
"700","Zaria","Wucciciri",2023-12-01,2
"705","Igabi","Zangon Aya",2023-12-01,3
"707","Zangon_Kataf","Zonkwa",2023-12-01,2
"708","Zangon_Kataf","Zonzon",2023-12-01,2
"710","Lere","Abadawa",2024-01-01,3
"711","Sanga","Aboro",2024-01-01,2
"719","Kagarko","Aribi",2024-01-01,6
"722","Ikara","Auchan",2024-01-01,2
"730","Sabon_Gari","Basawa",2024-01-01,5
"731","Igabi","Birnin_Yero",2024-01-01,2
"739","Jaba","Chori",2024-01-01,2
"742","Kauru","Damakasuwa",2024-01-01,2
"744","Kubau","Damau",2024-01-01,2
"746","Lere","Dan-Alhaji",2024-01-01,2
"747","Markafi","Dandamisa",2024-01-01,2
"750","Soba","Danwata",2024-01-01,2
"753","Sabon_Gari","Dogarawa",2024-01-01,3
"755","Kachia","Doka",2024-01-01,2
"757","Kubau","Dutsen-Wai",2024-01-01,3
"763","Chikun","G/Gwada",2024-01-01,2
"765","Soba","Gamagira",2024-01-01,6
"768","Soba","Garu",2024-01-01,2
"769","Lere","Garu/ Mariri",2024-01-01,2
"771","Markafi","Gazara",2024-01-01,2
"777","Soba","Gimba",2024-01-01,2
"778","Markafi","Gimi",2024-01-01,2
"780","Jemaa","Godo Godo",2024-01-01,2
"782","Markafi","Gubuchi",2024-01-01,3
"784","Lere","Gure/Kahugu",2024-01-01,2
"788","Zaria","Gyallesu",2024-01-01,2
"790","Kubau","Haskiya",2024-01-01,4
"792","Kudan","Hunkuyi",2024-01-01,2
"793","Giwa","Idasu",2024-01-01,2
"797","Ikara","Ikara",2024-01-01,2
"798","Zangon_Kataf","Ikulu",2024-01-01,2
"800","Sabon_Gari","Jamaa",2024-01-01,2
"802","Kagarko","Jere North",2024-01-01,2
"804","Sabon_Gari","Jushi",2024-01-01,10
"809","Jemaa","Kafanchan B",2024-01-01,2
"819","Zangon_Kataf","Kamantan",2024-01-01,2
"822","Kubau","Kareh",2024-01-01,2
"823","Kubau","Kargi",2024-01-01,8
"831","Kudan","Kauran Wali South",2024-01-01,2
"836","Giwa","Kidandan",2024-01-01,2
"837","Soba","Kinkiba",2024-01-01,2
"839","Kubau","Kubau",2024-01-01,4
"841","Lere","Kudaru",2024-01-01,2
"843","Zaria","Kufena",2024-01-01,2
"851","Ikara","Kurmin Kogi",2024-01-01,2
"855","Birnin_Gwari","Kuyello",2024-01-01,3
"862","Lere","Lazuru",2024-01-01,4
"869","Kubau","Mah",2024-01-01,4
"871","Soba","Maigana",2024-01-01,2
"872","Jemaa","Maigizo",2024-01-01,2
"891","Ikara","Pala",2024-01-01,2
"894","Lere","Ramin Kura",2024-01-01,2
"901","Ikara","Rumi",2024-01-01,2
"903","Jaba","Sab-Zuro",2024-01-01,2
"907","Kudan","Sabon Gari",2024-01-01,3
"915","Lere","Saminaka",2024-01-01,3
"916","Kaduna_North","Sardauna",2024-01-01,2
"918","Ikara","Saya Saya",2024-01-01,2
"924","Jemaa","Takau",2024-01-01,2
"925","Kajuru","Tantatu",2024-01-01,2
"936","Zangon_Kataf","Ung Rimi",2024-01-01,2
"937","Zaria","Unguwan Fatika",2024-01-01,3
"943","Kaduna_South","Ungwawan Sanusi",2024-01-01,2
"946","Zaria","Wucciciri",2024-01-01,4
"948","Chikun","Yelwa",2024-01-01,2
"950","Sabon_Gari","Zabi",2024-01-01,3
"952","Zangon_Kataf","Zaman Dabo",2024-01-01,2
"953","Zangon_Kataf","Zango Urban",2024-01-01,2
"957","Zangon_Kataf","Zonzon",2024-01-01,2
"958","Kubau","Zuntu",2024-01-01,2
"959","Lere","Abadawa",2024-02-01,2
"965","Kubau","Anchau",2024-02-01,2
"966","Sabon_Gari","Anguwan Gabas",2024-02-01,2
"972","Ikara","Auchan",2024-02-01,2
"980","Sabon_Gari","Basawa",2024-02-01,3
"989","Chikun","Chikun",2024-02-01,3
"993","Kauru","Damakasuwa",2024-02-01,3
"1001","Soba","Danwata",2024-02-01,2
"1002","Kauru","Dari",2024-02-01,3
"1004","Sabon_Gari","Dogarawa",2024-02-01,2
"1008","Kubau","Dutsen-Wai",2024-02-01,4
"1016","Soba","Gamagira",2024-02-01,6
"1018","Kudan","Garu",2024-02-01,2
"1027","Soba","Gimba",2024-02-01,2
"1028","Markafi","Gimi",2024-02-01,3
"1035","Sanga","Gwantu",2024-02-01,2
"1042","Giwa","Idasu",2024-02-01,2
"1045","Igabi","Igabi",2024-02-01,2
"1046","Ikara","Ikara",2024-02-01,3
"1047","Zangon_Kataf","Ikulu",2024-02-01,2
"1048","Jemaa","Jagindi",2024-02-01,2
"1049","Sabon_Gari","Jamaa",2024-02-01,2
"1050","Ikara","Jamfalan",2024-02-01,2
"1053","Sabon_Gari","Jushi",2024-02-01,7
"1055","Kachia","Kachia",2024-02-01,2
"1056","Kaura","Kadarko",2024-02-01,2
"1060","Kagarko","Kagarko South",2024-02-01,2
"1072","Kubau","Kargi",2024-02-01,3
"1077","Kaura","Kaura",2024-02-01,2
"1082","Kauru","Kauru West",2024-02-01,2
"1083","Kaduna_North","Kawo",2024-02-01,2
"1084","Lere","Kayarda",2024-02-01,2
"1087","Soba","Kinkiba",2024-02-01,2
"1099","Kachia","Kurimin Musa",2024-02-01,2
"1101","Ikara","Kurmin Kogi",2024-02-01,2
"1105","Birnin_Gwari","Kuyello",2024-02-01,2
"1110","Kauru","Kwassam",2024-02-01,2
"1112","Lere","Lazuru",2024-02-01,2
"1113","Lere","Lere",2024-02-01,3
"1114","Zaria","Limancin Kona",2024-02-01,2
"1118","Kubau","Mah",2024-02-01,6
"1120","Soba","Maigana",2024-02-01,2
"1125","Kaura","Mallagum",2024-02-01,2
"1135","Sanga","Ninzo North",2024-02-01,2
"1140","Ikara","Pala",2024-02-01,2
"1144","Birnin_Gwari","Randagi",2024-02-01,2
"1147","Igabi","Rigachikun",2024-02-01,2
"1150","Ikara","Rumi",2024-02-01,2
"1151","Jaba","Sab-Chem",2024-02-01,2
"1156","Kudan","Sabon Gari",2024-02-01,4
"1157","Kaduna_South","Sabon Gari  North",2024-02-01,2
"1160","Chikun","Sabon Tasha",2024-02-01,2
"1163","Lere","Saminaka",2024-02-01,2
"1166","Ikara","Saya Saya",2024-02-01,2
"1168","Giwa","Shika",2024-02-01,2
"1169","Soba","Soba",2024-02-01,2
"1174","Kaduna_South","Television",2024-02-01,3
"1177","Zaria","Tudun Wada",2024-02-01,2
"1178","Kaduna_South","Tudun Wada Nrth",2024-02-01,2
"1184","Zangon_Kataf","Ung Rimi",2024-02-01,2
"1185","Zaria","Unguwan Fatika",2024-02-01,2
"1198","Zangon_Kataf","Zaman Dabo",2024-02-01,3
"1199","Zangon_Kataf","Zango Urban",2024-02-01,3
"1203","Zangon_Kataf","Zonzon",2024-02-01,2
"1204","Kubau","Zuntu",2024-02-01,3
"1212","Sabon_Gari","Anguwan Gabas",2024-03-01,2
"1214","Sanga","Arak",2024-03-01,2
"1216","Jemaa","Asso",2024-03-01,2
"1218","Ikara","Auchan",2024-03-01,2
"1245","Markafi","Danguzuri",2024-03-01,2
"1247","Soba","Danwata",2024-03-01,2
"1250","Sabon_Gari","Dogarawa",2024-03-01,3
"1253","Kudan","Doka",2024-03-01,2
"1255","Zaria","Dutsen Abba",2024-03-01,2
"1259","Igabi","Fanshanu",2024-03-01,2
"1262","Soba","Gamagira",2024-03-01,6
"1266","Lere","Garu/ Mariri",2024-03-01,2
"1271","Kachia","Gidan Tagwai",2024-03-01,2
"1273","Soba","Gimba",2024-03-01,2
"1274","Markafi","Gimi",2024-03-01,2
"1275","Giwa","Giwa",2024-03-01,2
"1278","Markafi","Gubuchi",2024-03-01,2
"1280","Lere","Gure/Kahugu",2024-03-01,3
"1284","Zaria","Gyallesu",2024-03-01,2
"1287","Kaduna_North","Hayin Banki",2024-03-01,2
"1293","Ikara","Ikara",2024-03-01,4
"1296","Sabon_Gari","Jamaa",2024-03-01,2
"1299","Kagarko","Jere South",2024-03-01,2
"1300","Sabon_Gari","Jushi",2024-03-01,6
"1314","Kajuru","Kallah",2024-03-01,2
"1319","Kubau","Kargi",2024-03-01,2
"1322","Kaura","Kaura",2024-03-01,2
"1323","Zaria","Kaura",2024-03-01,2
"1331","Giwa","Kidandan",2024-03-01,2
"1332","Soba","Kinkiba",2024-03-01,2
"1346","Ikara","Kurmin Kogi",2024-03-01,2
"1350","Birnin_Gwari","Kuyello",2024-03-01,4
"1364","Soba","Maigana",2024-03-01,2
"1365","Jemaa","Maigizo",2024-03-01,2
"1374","Chikun","Narayi",2024-03-01,2
"1381","Ikara","Pala",2024-03-01,2
"1392","Ikara","Rumi",2024-03-01,2
"1393","Jaba","Sab-Chem",2024-03-01,8
"1398","Kudan","Sabon Gari",2024-03-01,4
"1401","Kaduna_South","Sabon Gari West",2024-03-01,2
"1403","Chikun","Sabon Tasha",2024-03-01,2
"1409","Ikara","Saya Saya",2024-03-01,2
"1412","Soba","Soba",2024-03-01,4
"1415","Jemaa","Takau",2024-03-01,2
"1427","Zangon_Kataf","Ung Rimi",2024-03-01,2
"1435","Sanga","Wasa",2024-03-01,2
"1440","Kudan","Zabi",2024-03-01,2
"1442","Zangon_Kataf","Zaman Dabo",2024-03-01,2
"1443","Zangon_Kataf","Zango Urban",2024-03-01,3
"1448","Kubau","Zuntu",2024-03-01,2
"1456","Sabon_Gari","Anguwan Gabas",2024-04-01,2
"1481","Kaduna_North","Dadi Riba",2024-04-01,2
"1492","Kauru","Dawaki",2024-04-01,2
"1500","Kaura","Fada",2024-04-01,2
"1505","Soba","Gamagira",2024-04-01,2
"1507","Kudan","Garu",2024-04-01,2
"1515","Soba","Gimba",2024-04-01,2
"1516","Markafi","Gimi",2024-04-01,2
"1517","Giwa","Giwa",2024-04-01,3
"1534","Ikara","Ikara",2024-04-01,2
"1535","Zangon_Kataf","Ikulu",2024-04-01,2
"1536","Jemaa","Jagindi",2024-04-01,2
"1537","Sabon_Gari","Jamaa",2024-04-01,2
"1541","Sabon_Gari","Jushi",2024-04-01,6
"1547","Kagarko","Kagarko North",2024-04-01,2
"1553","Kajuru","Kallah",2024-04-01,2
"1559","Sanga","Karshi",2024-04-01,2
"1572","Soba","Kinkiba",2024-04-01,2
"1578","Zaria","Kufena",2024-04-01,2
"1584","Kachia","Kurimin Musa",2024-04-01,2
"1585","Kagarko","Kurmin Jibrin",2024-04-01,2
"1586","Ikara","Kurmin Kogi",2024-04-01,2
"1590","Birnin_Gwari","Kuyello",2024-04-01,7
"1593","Zaria","Kwarbai B",2024-04-01,2
"1609","Markafi","Makarfi",2024-04-01,2
"1616","Chikun","Narayi",2024-04-01,2
"1623","Ikara","Pala",2024-04-01,2
"1634","Ikara","Rumi",2024-04-01,3
"1636","Jaba","Sab-Zuro",2024-04-01,4
"1640","Kudan","Sabon Gari",2024-04-01,6
"1646","Sabon_Gari","Samaru",2024-04-01,2
"1651","Ikara","Saya Saya",2024-04-01,2
"1662","Zaria","Tudun Wada",2024-04-01,2
"1663","Kaduna_South","Tudun Wada Nrth",2024-04-01,2
"1669","Zangon_Kataf","Ung Rimi",2024-04-01,2
"1679","Giwa","Yakawada",2024-04-01,2
"1681","Kudan","Zabi",2024-04-01,2
"1683","Zangon_Kataf","Zaman Dabo",2024-04-01,2
"1684","Zangon_Kataf","Zango Urban",2024-04-01,2
"1689","Kubau","Zuntu",2024-04-01,2
"1690","Lere","Abadawa",2024-05-01,2
"1697","Sabon_Gari","Anguwan Gabas",2024-05-01,2
"1699","Sanga","Arak",2024-05-01,2
"1701","Jemaa","Asso",2024-05-01,3
"1703","Kachia","Awon",2024-05-01,2
"1734","Sabon_Gari","Dogarawa",2024-05-01,2
"1737","Kubau","Dutsen-Wai",2024-05-01,2
"1744","Soba","Gamagira",2024-05-01,2
"1745","Giwa","Gangara",2024-05-01,2
"1752","Jemaa","Gidan Waya",2024-05-01,2
"1753","Soba","Gimba",2024-05-01,3
"1755","Giwa","Giwa",2024-05-01,2
"1760","Lere","Gure/Kahugu",2024-05-01,2
"1762","Sanga","Gwantu",2024-05-01,3
"1773","Ikara","Ikara",2024-05-01,6
"1776","Sabon_Gari","Jamaa",2024-05-01,2
"1778","Kagarko","Jere North",2024-05-01,2
"1780","Sabon_Gari","Jushi",2024-05-01,7
"1783","Kaura","Kadarko",2024-05-01,2
"1801","Kaura","Kaura",2024-05-01,2
"1808","Lere","Kayarda",2024-05-01,3
"1811","Soba","Kinkiba",2024-05-01,2
"1821","Chikun","Kunai",2024-05-01,2
"1825","Ikara","Kurmin Kogi",2024-05-01,3
"1829","Birnin_Gwari","Kuyello",2024-05-01,4
"1835","Kachia","Kwaturu",2024-05-01,2
"1837","Lere","Lere",2024-05-01,4
"1850","Kaura","Manchok",2024-05-01,2
"1854","Chikun","Narayi",2024-05-01,2
"1860","Jaba","Nok",2024-05-01,2
"1862","Ikara","Pala",2024-05-01,2
"1865","Lere","Ramin Kura",2024-05-01,2
"1868","Chikun","Rido",2024-05-01,2
"1876","Kudan","Sabon Gari",2024-05-01,7
"1884","Lere","Saminaka",2024-05-01,2
"1886","Ikara","Saulawa",2024-05-01,2
"1887","Ikara","Saya Saya",2024-05-01,2
"1893","Kajuru","Tantatu",2024-05-01,2
"1896","Markafi","Tudun Wada",2024-05-01,2
"1898","Kaduna_South","Tudun Wada Nrth",2024-05-01,2
"1901","Soba","Turawa",2024-05-01,2
"1904","Zangon_Kataf","Ung Rimi",2024-05-01,2
"1910","Zangon_Kataf","Ungwa Gaiya",2024-05-01,2
"1915","Giwa","Yakawada",2024-05-01,2
"1917","Kudan","Zabi",2024-05-01,2
"1919","Zangon_Kataf","Zaman Dabo",2024-05-01,2
"1920","Zangon_Kataf","Zango Urban",2024-05-01,2
"1924","Kubau","Zuntu",2024-05-01,3
"1925","Lere","Abadawa",2024-06-01,2
"1926","Sanga","Aboro",2024-06-01,2
"1929","Kaura","Agban",2024-06-01,2
"1932","Sabon_Gari","Anguwan Gabas",2024-06-01,2
"1934","Sanga","Arak",2024-06-01,2
"1938","Ikara","Auchan",2024-06-01,2
"1946","Sabon_Gari","Basawa",2024-06-01,2
"1959","Kauru","Damakasuwa",2024-06-01,2
"1970","Sabon_Gari","Dogarawa",2024-06-01,2
"1974","Zaria","Dutsen Abba",2024-06-01,2
"1976","Kaura","Fada",2024-06-01,2
"1979","Chikun","G/Gwada",2024-06-01,2
"1981","Soba","Gamagira",2024-06-01,3
"1998","Lere","Gure/Kahugu",2024-06-01,2
"2001","Igabi","Gwaraji",2024-06-01,2
"2003","Sabon_Gari","Hanwa",2024-06-01,2
"2011","Ikara","Ikara",2024-06-01,2
"2012","Zangon_Kataf","Ikulu",2024-06-01,2
"2013","Jemaa","Jagindi",2024-06-01,2
"2014","Sabon_Gari","Jamaa",2024-06-01,2
"2016","Kagarko","Jere North",2024-06-01,2
"2018","Sabon_Gari","Jushi",2024-06-01,7
"2025","Kagarko","Kagarko South",2024-06-01,2
"2040","Kaura","Kaura",2024-06-01,2
"2050","Kaura","Kpak",2024-06-01,3
"2058","Kaura","Kukum",2024-06-01,3
"2059","Chikun","Kunai",2024-06-01,2
"2063","Ikara","Kurmin Kogi",2024-06-01,2
"2066","Birnin_Gwari","Kuyello",2024-06-01,2
"2076","Zaria","Limancin Kona",2024-06-01,2
"2085","Kauru","Makami",2024-06-01,2
"2088","Kaura","Mallagum",2024-06-01,2
"2095","Chikun","Nassarawa",2024-06-01,2
"2108","Chikun","Rido",2024-06-01,3
"2112","Ikara","Rumi",2024-06-01,2
"2114","Jaba","Sab-Zuro",2024-06-01,3
"2116","Lere","Sabon Birni",2024-06-01,2
"2118","Kudan","Sabon Gari",2024-06-01,4
"2131","Ikara","Saya Saya",2024-06-01,2
"2141","Kaduna_South","Tudun Nupawa",2024-06-01,2
"2151","Zangon_Kataf","Ung Rimi",2024-06-01,2
"2155","Kaduna_North","Unguwan Shanu",2024-06-01,2
"2157","Zangon_Kataf","Ungwa Gaiya",2024-06-01,2
"2160","Giwa","Wazata",2024-06-01,2
"2163","Chikun","Yelwa",2024-06-01,6
"2166","Zangon_Kataf","Zaman Dabo",2024-06-01,3
"2167","Zangon_Kataf","Zango Urban",2024-06-01,3
"2170","Zangon_Kataf","Zonkwa",2024-06-01,2
"2173","Lere","Abadawa",2024-07-01,2
"2174","Sanga","Aboro",2024-07-01,2
"2176","Kajuru","Afogo",2024-07-01,2
"2177","Kaura","Agban",2024-07-01,2
"2179","Kubau","Anchau",2024-07-01,2
"2180","Kachia","Ankwa",2024-07-01,2
"2181","Sanga","Arak",2024-07-01,3
"2182","Kagarko","Aribi",2024-07-01,2
"2183","Jemaa","Asso",2024-07-01,2
"2186","Ikara","Auchan",2024-07-01,3
"2187","Kachia","Awon",2024-07-01,2
"2188","Sanga","Ayu",2024-07-01,4
"2189","Kaduna_North","Badarawa",2024-07-01,2
"2190","Kaduna_South","Badiko",2024-07-01,3
"2191","Kauru","Badurum",2024-07-01,2
"2192","Jemaa","Barde",2024-07-01,2
"2193","Kaduna_South","Barnawa",2024-07-01,2
"2195","Igabi","Birnin_Yero",2024-07-01,2
"2196","Kachia","Bishini",2024-07-01,3
"2198","Sanga","Bokana",2024-07-01,3
"2199","Sabon_Gari","Bomo",2024-07-01,2
"2201","Kajuru","Buda",2024-07-01,3
"2203","Chikun","Chikun",2024-07-01,2
"2204","Jaba","Chori",2024-07-01,2
"2205","Jaba","Daddu",2024-07-01,2
"2208","Kauru","Damakasuwa",2024-07-01,2
"2211","Zaria","Dambo",2024-07-01,2
"2219","Kauru","Dawaki",2024-07-01,3
"2220","Sabon_Gari","Dogarawa",2024-07-01,2
"2221","Birnin_Gwari","Dogon Dawa",2024-07-01,2
"2223","Kudan","Doka",2024-07-01,2
"2228","Jaba","Fada",2024-07-01,2
"2229","Kaura","Fada",2024-07-01,2
"2234","Chikun","G/Gwada",2024-07-01,2
"2235","Giwa","Galadimawa",2024-07-01,2
"2236","Soba","Gamagira",2024-07-01,3
"2247","Soba","Gimba",2024-07-01,2
"2253","Kachia","Gumel",2024-07-01,2
"2258","Sanga","Gwantu",2024-07-01,2
"2260","Zaria","Gyallesu",2024-07-01,2
"2265","Kudan","Hunkuyi",2024-07-01,2
"2267","Kagarko","Iddah",2024-07-01,2
"2268","Kajuru","Idon",2024-07-01,3
"2270","Ikara","Ikara",2024-07-01,5
"2272","Zangon_Kataf","Ikulu",2024-07-01,2
"2273","Jemaa","Jagindi",2024-07-01,2
"2274","Sabon_Gari","Jamaa",2024-07-01,3
"2275","Ikara","Jamfalan",2024-07-01,2
"2280","Sabon_Gari","Jushi",2024-07-01,5
"2282","Kachia","Kachia",2024-07-01,2
"2283","Kaura","Kadarko",2024-07-01,2
"2284","Jemaa","Kafanchan A",2024-07-01,2
"2294","Chikun","Kakau",2024-07-01,2
"2299","Kauru","Kamaru",2024-07-01,2
"2302","Kubau","Kargi",2024-07-01,2
"2307","Kachia","Katari",2024-07-01,9
"2309","Kaura","Kaura",2024-07-01,2
"2310","Zaria","Kaura",2024-07-01,2
"2311","Kaura","Kaura_kaura",2024-07-01,4
"2316","Kauru","Kauru East",2024-07-01,3
"2319","Kaduna_North","Kawo",2024-07-01,2
"2320","Lere","Kayarda",2024-07-01,2
"2323","Soba","Kinkiba",2024-07-01,3
"2325","Kubau","Kubau",2024-07-01,2
"2326","Kudan","Kudan",2024-07-01,2
"2327","Lere","Kudaru",2024-07-01,2
"2328","Kajuru","Kufana",2024-07-01,3
"2329","Zaria","Kufena",2024-07-01,2
"2330","Chikun","Kujama",2024-07-01,3
"2331","Kagarko","Kukui",2024-07-01,2
"2332","Kaura","Kukum",2024-07-01,3
"2333","Chikun","Kunai",2024-07-01,2
"2334","Chikun","Kuriga",2024-07-01,2
"2336","Ikara","Kurmin Kogi",2024-07-01,2
"2338","Kachia","Kurmin_Musa",2024-07-01,6
"2340","Ikara","Kuya",2024-07-01,3
"2341","Birnin_Gwari","Kuyello",2024-07-01,2
"2347","Soba","Kwasallo",2024-07-01,2
"2348","Kauru","Kwassam",2024-07-01,2
"2349","Kachia","Kwaturu",2024-07-01,2
"2350","Lere","Lazuru",2024-07-01,2
"2352","Lere","Lere",2024-07-01,2
"2353","Zaria","Limancin Kona",2024-07-01,2
"2354","Zaria","Limancin_kona",2024-07-01,2
"2355","Kudan","Lokoro",2024-07-01,2
"2359","Birnin_Gwari","Magajin Gari 3",2024-07-01,2
"2362","Soba","Maigana",2024-07-01,2
"2363","Kauru","Makami",2024-07-01,3
"2364","Markafi","Makarfi",2024-07-01,2
"2366","Kaura","Mallagum",2024-07-01,2
"2367","Kaura","Manchok",2024-07-01,2
"2368","Sabon_Gari","Muchia",2024-07-01,2
"2369","Sanga","Nandu",2024-07-01,3
"2370","Chikun","Narayi",2024-07-01,3
"2373","Chikun","Nassarawa",2024-07-01,2
"2376","Sanga","Ninzo_south",2024-07-01,2
"2378","Jaba","Nok",2024-07-01,2
"2379","Ikara","Paki",2024-07-01,2
"2380","Ikara","Pala",2024-07-01,2
"2382","Kauru","Pari",2024-07-01,2
"2383","Soba","Rahama",2024-07-01,2
"2387","Soba","Richifa",2024-07-01,3
"2388","Chikun","Rido",2024-07-01,2
"2389","Igabi","Rigachikun",2024-07-01,2
"2392","Ikara","Rumi",2024-07-01,2
"2393","Jaba","Sab-Chem",2024-07-01,7
"2398","Lere","Sabon Birni",2024-07-01,2
"2400","Kudan","Sabon Gari",2024-07-01,8
"2403","Chikun","Sabon Tasha",2024-07-01,2
"2404","Lere","Sabon_birni",2024-07-01,2
"2409","Jaba","Samban",2024-07-01,2
"2410","Lere","Saminaka",2024-07-01,2
"2416","Soba","Soba",2024-07-01,2
"2417","Kudan","Taba",2024-07-01,2
"2420","Kajuru","Tantatu",2024-07-01,2
"2421","Kaduna_South","Television",2024-07-01,3
"2424","Zaria","Tudun Wada",2024-07-01,2
"2425","Kaduna_South","Tudun Wada Nrth",2024-07-01,2
"2430","Zaria","Tukur Tukur",2024-07-01,2
"2453","Giwa","Wazata",2024-07-01,2
"2454","Zaria","Wucciciri",2024-07-01,2
"2455","Giwa","Yakawada",2024-07-01,2
"2456","Chikun","Yelwa",2024-07-01,2
"2457","Kudan","Zabi",2024-07-01,2
"2460","Zangon_Kataf","Zaman Dabo",2024-07-01,2
"2462","Zangon_Kataf","Zango Urban",2024-07-01,2
"2466","Kaura","Zankan",2024-07-01,6
"2469","Lere","Abadawa",2024-08-01,2
"2470","Sanga","Aboro",2024-08-01,2
"2472","Kajuru","Afogo",2024-08-01,2
"2473","Kaura","Agban",2024-08-01,2
"2475","Kubau","Anchau",2024-08-01,2
"2477","Kachia","Ankwa",2024-08-01,2
"2478","Sanga","Arak",2024-08-01,2
"2479","Kagarko","Aribi",2024-08-01,2
"2480","Jemaa","Asso",2024-08-01,3
"2482","Ikara","Auchan",2024-08-01,2
"2483","Kachia","Awon",2024-08-01,2
"2484","Sanga","Ayu",2024-08-01,3
"2486","Kaduna_South","Badiko",2024-08-01,2
"2487","Kauru","Badurum",2024-08-01,2
"2489","Kaduna_South","Barnawa",2024-08-01,2
"2492","Kachia","Bishini",2024-08-01,3
"2494","Sanga","Bokana",2024-08-01,2
"2495","Sabon_Gari","Bomo",2024-08-01,2
"2497","Kajuru","Buda",2024-08-01,3
"2498","Sabon_Gari","Chikaji",2024-08-01,2
"2499","Chikun","Chikun",2024-08-01,2
"2500","Jaba","Chori",2024-08-01,2
"2504","Kauru","Damakasuwa",2024-08-01,2
"2505","Kubau","Damau",2024-08-01,2
"2506","Zaria","Dambo",2024-08-01,2
"2510","Markafi","Danguziri",2024-08-01,2
"2512","Giwa","Danmahawayi",2024-08-01,2
"2515","Kauru","Dawaki",2024-08-01,3
"2516","Sabon_Gari","Dogarawa",2024-08-01,2
"2519","Kudan","Doka",2024-08-01,2
"2529","Igabi","Fanshanu",2024-08-01,2
"2531","Giwa","Galadimawa",2024-08-01,3
"2532","Soba","Gamagira",2024-08-01,2
"2539","Birnin_Gwari","Gayam",2024-08-01,2
"2540","Markafi","Gazara",2024-08-01,2
"2545","Soba","Gimba",2024-08-01,2
"2546","Markafi","Gimi",2024-08-01,2
"2548","Zangon_Kataf","Gora",2024-08-01,2
"2550","Kachia","Gumel",2024-08-01,2
"2554","Markafi","Gwanki",2024-08-01,2
"2555","Sanga","Gwantu",2024-08-01,4
"2557","Zaria","Gyallesu",2024-08-01,2
"2562","Kudan","Hunkuyi",2024-08-01,2
"2564","Kagarko","Iddah",2024-08-01,2
"2565","Kajuru","Idon",2024-08-01,3
"2567","Ikara","Ikara",2024-08-01,4
"2569","Zangon_Kataf","Ikulu",2024-08-01,2
"2571","Sabon_Gari","Jamaa",2024-08-01,4
"2572","Ikara","Jamfalan",2024-08-01,2
"2574","Kagarko","Jere South",2024-08-01,2
"2577","Sabon_Gari","Jushi",2024-08-01,4
"2579","Kachia","Kachia",2024-08-01,3
"2580","Kaura","Kadarko",2024-08-01,2
"2588","Kajuru","Kajuru",2024-08-01,2
"2589","Birnin_Gwari","Kakangi",2024-08-01,2
"2591","Chikun","Kakau",2024-08-01,2
"2592","Kaduna_South","Kakuri Gwari",2024-08-01,2
"2595","Kajuru","Kallah",2024-08-01,2
"2597","Kauru","Kamaru",2024-08-01,2
"2600","Kubau","Kargi",2024-08-01,3
"2605","Kachia","Katari",2024-08-01,17
"2608","Zaria","Kaura",2024-08-01,2
"2609","Kaura","Kaura_kaura",2024-08-01,4
"2618","Lere","Kayarda",2024-08-01,2
"2619","Giwa","Kidandan",2024-08-01,2
"2620","Soba","Kinkiba",2024-08-01,3
"2621","Kaura","Kpak",2024-08-01,2
"2622","Kubau","Kubau",2024-08-01,2
"2624","Lere","Kudaru",2024-08-01,2
"2625","Kajuru","Kufana",2024-08-01,2
"2626","Zaria","Kufena",2024-08-01,2
"2627","Chikun","Kujama",2024-08-01,3
"2628","Kagarko","Kukui",2024-08-01,2
"2629","Kaura","Kukum",2024-08-01,3
"2630","Chikun","Kunai",2024-08-01,2
"2631","Chikun","Kuriga",2024-08-01,2
"2637","Ikara","Kuya",2024-08-01,2
"2643","Soba","Kwasallo",2024-08-01,2
"2644","Kauru","Kwassam",2024-08-01,2
"2645","Kachia","Kwaturu",2024-08-01,2
"2648","Lere","Lere",2024-08-01,2
"2651","Kudan","Lokoro",2024-08-01,2
"2657","Soba","Maigana",2024-08-01,2
"2658","Kauru","Makami",2024-08-01,2
"2659","Markafi","Makarfi",2024-08-01,2
"2661","Kaura","Mallagum",2024-08-01,2
"2662","Kaura","Manchok",2024-08-01,2
"2663","Kajuru","Maro",2024-08-01,2
"2664","Sabon_Gari","Muchia",2024-08-01,3
"2665","Sanga","Nandu",2024-08-01,3
"2666","Chikun","Narayi",2024-08-01,2
"2669","Chikun","Nassarawa",2024-08-01,2
"2676","Jaba","Nok",2024-08-01,2
"2677","Ikara","Paki",2024-08-01,2
"2678","Ikara","Pala",2024-08-01,2
"2679","Giwa","Panhauya",2024-08-01,2
"2680","Kauru","Pari",2024-08-01,2
"2681","Soba","Rahama",2024-08-01,2
"2684","Soba","Richifa",2024-08-01,2
"2685","Chikun","Rido",2024-08-01,2
"2686","Igabi","Rigachikun",2024-08-01,2
"2688","Kajuru","Rimau",2024-08-01,2
"2689","Ikara","Rumi",2024-08-01,2
"2690","Jaba","Sab-Chem",2024-08-01,2
"2697","Kudan","Sabon Gari",2024-08-01,5
"2706","Jaba","Samban",2024-08-01,2
"2707","Lere","Saminaka",2024-08-01,2
"2715","Kudan","Taba",2024-08-01,2
"2717","Kajuru","Tantatu",2024-08-01,2
"2718","Kaduna_South","Television",2024-08-01,2
"2722","Kaduna_South","Tudun Wada Nrth",2024-08-01,2
"2729","Soba","Turawa",2024-08-01,2
"2736","Kaduna_North","Unguwan Rimi",2024-08-01,2
"2749","Giwa","Wazata",2024-08-01,2
"2750","Zaria","Wucciciri",2024-08-01,2
"2751","Giwa","Yakawada",2024-08-01,2
"2756","Zangon_Kataf","Zaman Dabo",2024-08-01,2
"2762","Kaura","Zankan",2024-08-01,6
"2764","Zangon_Kataf","Zonzon",2024-08-01,2
"2765","Kubau","Zuntu",2024-08-01,2
"2766","Lere","Abadawa",2024-09-01,2
"2767","Sanga","Aboro",2024-09-01,2
"2768","Kajuru","Afogo",2024-09-01,2
"2769","Kaura","Agban",2024-09-01,2
"2771","Kubau","Anchau",2024-09-01,3
"2772","Kachia","Ankwa",2024-09-01,2
"2773","Sanga","Arak",2024-09-01,3
"2774","Kagarko","Aribi",2024-09-01,2
"2776","Ikara","Auchan",2024-09-01,2
"2778","Sanga","Ayu",2024-09-01,3
"2779","Kaduna_North","Badarawa",2024-09-01,2
"2781","Kauru","Badurum",2024-09-01,2
"2788","Sanga","Bokana",2024-09-01,3
"2791","Kajuru","Buda",2024-09-01,3
"2793","Chikun","Chikun",2024-09-01,2
"2794","Jaba","Chori",2024-09-01,2
"2797","Kaduna_North","Dadi_riba",2024-09-01,2
"2798","Kauru","Damakasuwa",2024-09-01,2
"2800","Zaria","Dambo",2024-09-01,2
"2802","Markafi","Dandamisa",2024-09-01,4
"2804","Giwa","Danmahawayi",2024-09-01,2
"2805","Soba","Danwata",2024-09-01,2
"2807","Kauru","Dawaki",2024-09-01,2
"2808","Sabon_Gari","Dogarawa",2024-09-01,2
"2817","Kaura","Fada",2024-09-01,2
"2820","Jaba","Fai",2024-09-01,2
"2823","Giwa","Galadimawa",2024-09-01,2
"2824","Soba","Gamagira",2024-09-01,2
"2830","Soba","Garun_Gwanki",2024-09-01,2
"2832","Markafi","Gazara",2024-09-01,2
"2833","Kauru","Geshere",2024-09-01,3
"2837","Soba","Gimba",2024-09-01,2
"2839","Giwa","Giwa",2024-09-01,2
"2842","Kachia","Gumel",2024-09-01,2
"2844","Lere","Gure_kahugu",2024-09-01,2
"2847","Sanga","Gwantu",2024-09-01,3
"2849","Zaria","Gyallesu",2024-09-01,2
"2854","Kudan","Hunkuyi",2024-09-01,2
"2856","Kagarko","Iddah",2024-09-01,2
"2857","Kajuru","Idon",2024-09-01,3
"2859","Ikara","Ikara",2024-09-01,2
"2861","Zangon_Kataf","Ikulu",2024-09-01,2
"2863","Sabon_Gari","Jamaa",2024-09-01,2
"2864","Ikara","Jamfalan",2024-09-01,2
"2869","Sabon_Gari","Jushi",2024-09-01,6
"2871","Kachia","Kachia",2024-09-01,2
"2872","Kaura","Kadarko",2024-09-01,2
"2880","Kajuru","Kajuru",2024-09-01,2
"2883","Chikun","Kakau",2024-09-01,2
"2888","Kauru","Kamaru",2024-09-01,2
"2891","Kubau","Kargi",2024-09-01,3
"2893","Sanga","Karshi",2024-09-01,2
"2894","Kajuru","Kasuwan Magani",2024-09-01,2
"2895","Kajuru","Kasuwan_magani",2024-09-01,2
"2896","Kachia","Katari",2024-09-01,19
"2897","Kagarko","Katugal",2024-09-01,2
"2898","Kaura","Kaura",2024-09-01,2
"2899","Zaria","Kaura",2024-09-01,2
"2900","Kaura","Kaura_kaura",2024-09-01,4
"2907","Kauru","Kauru_east",2024-09-01,2
"2909","Kaduna_North","Kawo",2024-09-01,2
"2910","Lere","Kayarda",2024-09-01,2
"2912","Giwa","Kidandan",2024-09-01,3
"2913","Soba","Kinkiba",2024-09-01,3
"2914","Kaura","Kpak",2024-09-01,2
"2915","Kubau","Kubau",2024-09-01,2
"2917","Lere","Kudaru",2024-09-01,2
"2918","Kajuru","Kufana",2024-09-01,2
"2919","Zaria","Kufena",2024-09-01,2
"2920","Chikun","Kujama",2024-09-01,3
"2921","Kagarko","Kukui",2024-09-01,2
"2922","Kaura","Kukum",2024-09-01,3
"2923","Chikun","Kunai",2024-09-01,4
"2932","Ikara","Kuya",2024-09-01,2
"2933","Birnin_Gwari","Kuyello",2024-09-01,3
"2934","Igabi","Kwarau",2024-09-01,2
"2939","Soba","Kwasallo",2024-09-01,2
"2940","Kachia","Kwaturu",2024-09-01,3
"2943","Lere","Lere",2024-09-01,2
"2944","Zaria","Limancin Kona",2024-09-01,2
"2946","Kudan","Lokoro",2024-09-01,2
"2952","Kaduna_North","Maiburji",2024-09-01,2
"2953","Soba","Maigana",2024-09-01,2
"2954","Kauru","Makami",2024-09-01,4
"2955","Markafi","Makarfi",2024-09-01,2
"2958","Kaura","Manchok",2024-09-01,2
"2961","Sabon_Gari","Muchia",2024-09-01,2
"2962","Sanga","Nandu",2024-09-01,2
"2963","Chikun","Narayi",2024-09-01,2
"2972","Sanga","Ninzo_south",2024-09-01,2
"2973","Sanga","Ninzo_west",2024-09-01,2
"2975","Ikara","Paki",2024-09-01,2
"2977","Kubau","Pambegua",2024-09-01,2
"2978","Giwa","Panhauya",2024-09-01,2
"2979","Kauru","Pari",2024-09-01,2
"2980","Soba","Rahama",2024-09-01,2
"2984","Soba","Richifa",2024-09-01,2
"2985","Chikun","Rido",2024-09-01,3
"2986","Igabi","Rigachikun",2024-09-01,2
"2988","Kajuru","Rimau",2024-09-01,2
"2989","Ikara","Rumi",2024-09-01,2
"2996","Kudan","Sabon Gari",2024-09-01,3
"3006","Lere","Saminaka",2024-09-01,2
"3007","Kaduna_North","Sardauna",2024-09-01,2
"3012","Giwa","Shika",2024-09-01,2
"3014","Kudan","Taba",2024-09-01,2
"3017","Kajuru","Tantatu",2024-09-01,2
"3018","Kaduna_South","Television",2024-09-01,2
"3022","Kaduna_South","Tudun Wada Nrth",2024-09-01,2
"3029","Soba","Turawa",2024-09-01,2
"3033","Zangon_Kataf","Ung Rimi",2024-09-01,2
"3036","Kaduna_North","Unguwan Rimi",2024-09-01,2
"3038","Kaduna_North","Unguwan_dosa",2024-09-01,2
"3043","Kaduna_North","Unguwan_sarki",2024-09-01,2
"3044","Kaduna_North","Unguwan_shanu",2024-09-01,2
"3047","Giwa","Wazata",2024-09-01,2
"3048","Zaria","Wucciciri",2024-09-01,2
"3053","Kudan","Zabi_kudan",2024-09-01,2
"3054","Zangon_Kataf","Zaman Dabo",2024-09-01,2
"3056","Zangon_Kataf","Zango Urban",2024-09-01,2
"3060","Kaura","Zankan",2024-09-01,6
"3063","Kubau","Zuntu",2024-09-01,2
"3065","Sanga","Aboro",2024-10-01,2
"3070","Kubau","Anchau",2024-10-01,2
"3072","Sanga","Arak",2024-10-01,2
"3074","Jemaa","Asso",2024-10-01,3
"3075","Jemaa","Atuku",2024-10-01,2
"3078","Sanga","Ayu",2024-10-01,2
"3086","Kachia","Bishini",2024-10-01,3
"3090","Chikun","Chikun",2024-10-01,2
"3091","Jaba","Chori",2024-10-01,3
"3092","Jaba","Daddu",2024-10-01,2
"3093","Kaduna_North","Dadi_riba",2024-10-01,3
"3094","Kauru","Damakasuwa",2024-10-01,2
"3099","Markafi","Dandamisa",2024-10-01,2
"3107","Kachia","Doka",2024-10-01,2
"3123","Markafi","Gazara",2024-10-01,2
"3124","Kauru","Geshere",2024-10-01,2
"3134","Chikun","Gwagwada",2024-10-01,2
"3135","Markafi","Gwanki",2024-10-01,3
"3136","Sanga","Gwantu",2024-10-01,2
"3137","Igabi","Gwaraji",2024-10-01,2
"3138","Zaria","Gyallesu",2024-10-01,2
"3141","Kaduna_North","Hayin_banki",2024-10-01,2
"3154","Sabon_Gari","Jushi",2024-10-01,5
"3161","Kajuru","Kajuru",2024-10-01,2
"3164","Chikun","Kakau",2024-10-01,2
"3171","Sanga","Karshi",2024-10-01,2
"3172","Kajuru","Kasuwan_magani",2024-10-01,2
"3173","Kachia","Katari",2024-10-01,18
"3176","Kaura","Kaura_kaura",2024-10-01,2
"3177","Kudan","Kauran_wali_north",2024-10-01,2
"3180","Kauru","Kauru_east",2024-10-01,2
"3182","Kaduna_North","Kawo",2024-10-01,2
"3185","Giwa","Kidandan",2024-10-01,2
"3186","Soba","Kinkiba",2024-10-01,2
"3188","Kubau","Kubau",2024-10-01,2
"3193","Chikun","Kujama",2024-10-01,2
"3195","Kaura","Kukum",2024-10-01,2
"3203","Birnin_Gwari","Kuyello",2024-10-01,2
"3210","Lere","Lazuru",2024-10-01,2
"3214","Kudan","Lokoro",2024-10-01,2
"3218","Kaduna_North","Maiburji",2024-10-01,2
"3221","Markafi","Makarfi",2024-10-01,2
"3223","Kaura","Mallagum",2024-10-01,2
"3228","Sanga","Nandu",2024-10-01,2
"3235","Sanga","Ninzo_west",2024-10-01,2
"3237","Ikara","Paki",2024-10-01,3
"3238","Ikara","Pala",2024-10-01,2
"3241","Kauru","Pari",2024-10-01,2
"3253","Kudan","Sabon Gari",2024-10-01,2
"3261","Jaba","Samban",2024-10-01,3
"3263","Kaduna_North","Sardauna",2024-10-01,3
"3270","Birnin_Gwari","Tabanni",2024-10-01,2
"3274","Zaria","Tudun wada_zaria",2024-10-01,2
"3283","Kaduna_North","Unguwan_dosa",2024-10-01,2
"3289","Kaduna_North","Unguwan_sarki",2024-10-01,2
"3290","Kaduna_North","Unguwan_shanu",2024-10-01,2
"3292","Sanga","Wasa",2024-10-01,2
"3294","Zaria","Wucciciri",2024-10-01,2
"3296","Chikun","Yelwa",2024-10-01,2
"3303","Kaura","Zankan",2024-10-01,9
"3305","Kubau","Zuntu",2024-10-01,2
"3306","Sanga","Aboro",2024-11-01,2
"3315","Jemaa","Asso",2024-11-01,2
"3316","Jemaa","Atuku",2024-11-01,2
"3321","Kaduna_South","Badiko",2024-11-01,2
"3328","Sanga","Bokana",2024-11-01,2
"3330","Kaura","Bondong",2024-11-01,2
"3332","Sabon_Gari","Chikaji",2024-11-01,10
"3334","Jaba","Chori",2024-11-01,3
"3336","Kaduna_North","Dadi_riba",2024-11-01,2
"3337","Kauru","Damakasuwa",2024-11-01,2
"3339","Kubau","Damau",2024-11-01,3
"3342","Markafi","Dandamisa",2024-11-01,4
"3343","Markafi","Danguziri",2024-11-01,3
"3344","Giwa","Danmahawayi",2024-11-01,2
"3347","Sabon_Gari","Dogarawa",2024-11-01,2
"3349","Kachia","Doka",2024-11-01,2
"3350","Kudan","Doka_kudan",2024-11-01,2
"3359","Giwa","Galadimawa",2024-11-01,2
"3366","Kauru","Geshere",2024-11-01,2
"3373","Kachia","Gumel",2024-11-01,4
"3376","Markafi","Gwanki",2024-11-01,4
"3381","Kubau","Haskiya",2024-11-01,2
"3382","Kaduna_North","Hayin_banki",2024-11-01,2
"3383","Kudan","Hunkuyi",2024-11-01,3
"3384","Giwa","Idasu",2024-11-01,3
"3390","Sabon_Gari","Jamaa",2024-11-01,2
"3392","Kagarko","Jere_north",2024-11-01,2
"3400","Kagarko","Kagarko_south",2024-11-01,2
"3403","Chikun","Kakau",2024-11-01,4
"3405","Kajuru","Kallah",2024-11-01,3
"3406","Kauru","Kamaru",2024-11-01,2
"3407","Jemaa","Kaninkon",2024-11-01,2
"3408","Kubau","Kargi",2024-11-01,4
"3412","Kachia","Katari",2024-11-01,2
"3414","Zaria","Kaura",2024-11-01,2
"3415","Kaura","Kaura_kaura",2024-11-01,5
"3417","Kudan","Kauran_wali_south",2024-11-01,4
"3421","Kaduna_North","Kawo",2024-11-01,2
"3422","Igabi","Kerawa",2024-11-01,2
"3423","Giwa","Kidandan",2024-11-01,3
"3427","Kudan","Kudan",2024-11-01,4
"3431","Chikun","Kujama",2024-11-01,2
"3433","Kaura","Kukum",2024-11-01,2
"3437","Kachia","Kurmin_Musa",2024-11-01,5
"3442","Soba","Kwasallo",2024-11-01,3
"3443","Kauru","Kwassam",2024-11-01,4
"3445","Lere","Lazuru",2024-11-01,2
"3449","Kubau","Mah",2024-11-01,2
"3450","Kaduna_North","Maiburji",2024-11-01,2
"3451","Soba","Maigana",2024-11-01,2
"3456","Kajuru","Maro",2024-11-01,2
"3460","Chikun","Narayi",2024-11-01,2
"3461","Markafi","Nasarawan_doya",2024-11-01,3
"3462","Chikun","Nassarawa",2024-11-01,2
"3465","Sanga","Ninzo_south",2024-11-01,3
"3470","Kubau","Pambegua",2024-11-01,2
"3471","Giwa","Panhauya",2024-11-01,2
"3474","Lere","Ramin_kura",2024-11-01,2
"3476","Soba","Richifa",2024-11-01,2
"3477","Chikun","Rido",2024-11-01,3
"3481","Ikara","Rumi",2024-11-01,3
"3483","Jaba","Sab_zuro",2024-11-01,2
"3492","Lere","Saminaka",2024-11-01,3
"3497","Soba","Soba",2024-11-01,3
"3502","Zaria","Tudun wada_zaria",2024-11-01,2
"3504","Kaduna_South","Tudun_wada_south",2024-11-01,4
"3505","Zaria","Tukur_tukur",2024-11-01,2
"3506","Soba","Turawa",2024-11-01,2
"3509","Kaduna_North","Unguwan_dosa",2024-11-01,2
"3511","Zango_Kataf","Unguwan_gaiya",2024-11-01,2
"3514","Kaduna_North","Unguwan_sarki",2024-11-01,2
"3515","Kaduna_North","Unguwan_shanu",2024-11-01,3
"3517","Giwa","Wazata",2024-11-01,2
"3518","Zaria","Wucciciri",2024-11-01,2
"3526","Kaura","Zankan",2024-11-01,8
"3529","Sanga","Aboro",2024-12-01,2
"3536","Sanga","Arak",2024-12-01,2
"3538","Jemaa","Atuku",2024-12-01,2
"3539","Ikara","Auchan",2024-12-01,2
"3542","Kaduna_North","Badarawa",2024-12-01,3
"3543","Kaduna_South","Badiko",2024-12-01,2
"3547","Sabon_Gari","Basawa",2024-12-01,3
"3548","Birnin_Gwari","Birnin_gwari_2",2024-12-01,2
"3549","Kachia","Bishini",2024-12-01,2
"3550","Sanga","Bokana",2024-12-01,2
"3553","Kajuru","Buda",2024-12-01,2
"3554","Sabon_Gari","Chikaji",2024-12-01,2
"3556","Jaba","Chori",2024-12-01,3
"3558","Kaduna_North","Dadi_riba",2024-12-01,2
"3563","Markafi","Dandamisa",2024-12-01,2
"3564","Markafi","Danguziri",2024-12-01,2
"3566","Soba","Danwata",2024-12-01,2
"3568","Sabon_Gari","Dogarawa",2024-12-01,2
"3570","Kachia","Doka",2024-12-01,2
"3575","Jaba","Fada_jaba",2024-12-01,2
"3584","Birnin_Gwari","Gayam",2024-12-01,2
"3586","Kauru","Geshere",2024-12-01,2
"3588","Soba","Gimba",2024-12-01,2
"3599","Sabon_Gari","Hanwa",2024-12-01,2
"3601","Kaduna_North","Hayin_banki",2024-12-01,5
"3603","Giwa","Idasu",2024-12-01,3
"3610","Sabon_Gari","Jushi",2024-12-01,6
"3611","Kaduna_North","Kabala_doki",2024-12-01,2
"3620","Chikun","Kakau",2024-12-01,2
"3622","Kajuru","Kallah",2024-12-01,2
"3624","Jemaa","Kaninkon",2024-12-01,3
"3625","Kubau","Kargi",2024-12-01,2
"3628","Kajuru","Kasuwan_magani",2024-12-01,2
"3631","Kaura","Kaura_kaura",2024-12-01,4
"3633","Kudan","Kauran_wali_south",2024-12-01,2
"3636","Kaduna_North","Kawo",2024-12-01,4
"3638","Igabi","Kerawa",2024-12-01,2
"3639","Giwa","Kidandan",2024-12-01,2
"3651","Ikara","Kurmin_kogi",2024-12-01,2
"3652","Kachia","Kurmin_Musa",2024-12-01,3
"3655","Igabi","Kwarau",2024-12-01,2
"3657","Zaria","Kwarbai_b",2024-12-01,2
"3662","Lere","Lere",2024-12-01,2
"3663","Zaria","Limancin_kona",2024-12-01,3
"3667","Birnin_Gwari","Magajin_gari_3",2024-12-01,2
"3669","Kaduna_North","Maiburji",2024-12-01,2
"3672","Markafi","Makarfi",2024-12-01,2
"3673","Kaduna_South","Makera",2024-12-01,2
"3674","Kaura","Mallagum",2024-12-01,2
"3676","Kajuru","Maro",2024-12-01,3
"3680","Markafi","Nasarawan_doya",2024-12-01,3
"3685","Sanga","Ninzo_west",2024-12-01,2
"3686","Jaba","Nok",2024-12-01,3
"3690","Giwa","Panhauya",2024-12-01,2
"3691","Kauru","Pari",2024-12-01,2
"3692","Soba","Rahama",2024-12-01,2
"3695","Soba","Richifa",2024-12-01,3
"3698","Kajuru","Rimau",2024-12-01,2
"3706","Kaduna_South","Sabon_gari_west",2024-12-01,2
"3710","Jaba","Samban",2024-12-01,4
"3712","Kaduna_North","Sardauna",2024-12-01,3
"3714","Ikara","Saya_saya",2024-12-01,2
"3715","Kaduna_North","Shaba",2024-12-01,2
"3717","Soba","Soba",2024-12-01,2
"3720","Kajuru","Tantatu",2024-12-01,2
"3723","Kaduna_South","Tudun_nupawa",2024-12-01,2
"3725","Kaduna_South","Tudun_wada_north",2024-12-01,2
"3726","Kaduna_South","Tudun_wada_south",2024-12-01,4
"3730","Kaduna_North","Unguwan_dosa",2024-12-01,2
"3734","Kaduna_North","Unguwan_sarki",2024-12-01,3
"3735","Kaduna_North","Unguwan_shanu",2024-12-01,2
"3739","Zaria","Wucciciri",2024-12-01,2
"3746","Kaura","Zankan",2024-12-01,7
"3750","Sanga","Aboro",2025-01-01,2
"3757","Sanga","Arak",2025-01-01,2
"3771","Sanga","Bokana",2025-01-01,2
"3772","Sabon_Gari","Bomo",2025-01-01,2
"3780","Kauru","Damakasuwa",2025-01-01,2
"3786","Markafi","Danguziri",2025-01-01,2
"3789","Kauru","Dawaki",2025-01-01,4
"3792","Kachia","Doka",2025-01-01,2
"3818","Lere","Gure_kahugu",2025-01-01,2
"3822","Igabi","Gwaraji",2025-01-01,2
"3829","Kajuru","Idon",2025-01-01,2
"3831","Ikara","Ikara",2025-01-01,2
"3834","Ikara","Jamfalan",2025-01-01,2
"3836","Kagarko","Jere_south",2025-01-01,2
"3837","Sabon_Gari","Jushi",2025-01-01,2
"3840","Kaura","Kadarko",2025-01-01,2
"3845","Birnin_Gwari","Kakangi",2025-01-01,3
"3847","Chikun","Kakau",2025-01-01,2
"3850","Kajuru","Kallah",2025-01-01,4
"3856","Kajuru","Kasuwan_magani",2025-01-01,2
"3859","Zaria","Kaura",2025-01-01,2
"3860","Kaura","Kaura_kaura",2025-01-01,4
"3863","Kauru","Kauru_east",2025-01-01,3
"3865","Kaduna_North","Kawo",2025-01-01,4
"3868","Giwa","Kidandan",2025-01-01,2
"3872","Kudan","Kudan",2025-01-01,2
"3879","Chikun","Kunai",2025-01-01,2
"3880","Chikun","Kuriga",2025-01-01,2
"3882","Ikara","Kurmin_kogi",2025-01-01,2
"3883","Kachia","Kurmin_Musa",2025-01-01,4
"3887","Birnin_Gwari","Kuyello",2025-01-01,3
"3888","Igabi","Kwarau",2025-01-01,2
"3890","Zaria","Kwarbai_b",2025-01-01,2
"3899","Birnin_Gwari","Magajin_gari_1",2025-01-01,2
"3900","Kubau","Mah",2025-01-01,2
"3906","Kaura","Mallagum",2025-01-01,2
"3913","Markafi","Nasarawan_doya",2025-01-01,3
"3914","Chikun","Nassarawa",2025-01-01,2
"3917","Sanga","Ninzo_south",2025-01-01,2
"3918","Sanga","Ninzo_west",2025-01-01,2
"3921","Ikara","Pala",2025-01-01,2
"3928","Soba","Richifa",2025-01-01,2
"3929","Chikun","Rido",2025-01-01,2
"3932","Kajuru","Rimau",2025-01-01,2
"3933","Ikara","Rumi",2025-01-01,2
"3943","Lere","Saminaka",2025-01-01,6
"3947","Kaduna_North","Shaba",2025-01-01,2
"3958","Kaduna_South","Tudun_wada_south",2025-01-01,4
"3959","Zaria","Tukur_tukur",2025-01-01,3
"3962","Kaduna_North","Unguwan_dosa",2025-01-01,2
"3965","Zaria","Unguwan_juma",2025-01-01,2
"3967","Kaduna_North","Unguwan_sarki",2025-01-01,2
"3968","Kaduna_North","Unguwan_shanu",2025-01-01,2
"3972","Chikun","Yelwa",2025-01-01,2
"3987","Sanga","Arak",2025-02-01,2
"3988","Kagarko","Aribi",2025-02-01,2
"3989","Jemaa","Asso",2025-02-01,2
"3991","Ikara","Auchan",2025-02-01,2
"3993","Sanga","Ayu",2025-02-01,2
"3994","Kaduna_North","Badarawa",2025-02-01,5
"4000","Birnin_Gwari","Birnin_gwari_2",2025-02-01,2
"4002","Kauru","Bital",2025-02-01,4
"4003","Sanga","Bokana",2025-02-01,2
"4006","Sabon_Gari","Chikaji",2025-02-01,2
"4010","Kaduna_North","Dadi_riba",2025-02-01,3
"4011","Kauru","Damakasuwa",2025-02-01,2
"4012","Birnin_Gwari","Damari",2025-02-01,2
"4016","Markafi","Dandamisa",2025-02-01,2
"4020","Kauru","Dawaki",2025-02-01,2
"4022","Kachia","Doka",2025-02-01,2
"4027","Jaba","Fada_jaba",2025-02-01,2
"4028","Jemaa","Fadan_kagoma",2025-02-01,2
"4049","Markafi","Gwanki",2025-02-01,4
"4050","Sanga","Gwantu",2025-02-01,2
"4051","Igabi","Gwaraji",2025-02-01,2
"4058","Kagarko","Iddah",2025-02-01,2
"4061","Ikara","Ikara",2025-02-01,2
"4065","Ikara","Jamfalan",2025-02-01,2
"4066","Kagarko","Jere_north",2025-02-01,2
"4081","Jemaa","Kaninkon",2025-02-01,3
"4090","Kauru","Kauru_west",2025-02-01,2
"4099","Kajuru","Kufana",2025-02-01,8
"4100","Zaria","Kufena",2025-02-01,2
"4102","Kagarko","Kukui",2025-02-01,2
"4106","Kagarko","Kurmin_jibrin",2025-02-01,4
"4108","Kachia","Kurmin_Musa",2025-02-01,3
"4118","Zaria","Limancin_kona",2025-02-01,3
"4126","Markafi","Makarfi",2025-02-01,3
"4137","Jaba","Nok",2025-02-01,2
"4149","Ikara","Rumi",2025-02-01,2
"4150","Jaba","Sab_chem",2025-02-01,2
"4152","Lere","Sabon_birni",2025-02-01,2
"4153","Igabi","Sabon_birni_igabi",2025-02-01,2
"4162","Ikara","Saulawa",2025-02-01,2
"4168","Kajuru","Tantatu",2025-02-01,3
"4170","Zaria","Tudun wada_zaria",2025-02-01,2
"4171","Markafi","Tudun_wada",2025-02-01,2
"4173","Kaduna_South","Tudun_wada_south",2025-02-01,4
"4180","Zango_Kataf","Unguwan_rimi_zango",2025-02-01,2
"4194","Zango_Kataf","Zonkwa",2025-02-01,2
"4195","Zango_Kataf","Zonzon",2025-02-01,2
"4210","Kaduna_South","Badiko",2025-03-01,2
"4213","Birnin_Gwari","Birnin_gwari_2",2025-03-01,2
"4215","Kauru","Bital",2025-03-01,8
"4218","Kajuru","Buda",2025-03-01,2
"4223","Kaduna_North","Dadi_riba",2025-03-01,2
"4233","Birnin_Gwari","Dogon_dawa",2025-03-01,2
"4234","Kachia","Doka",2025-03-01,2
"4244","Soba","Garun_Gwanki",2025-03-01,2
"4257","Markafi","Gwanki",2025-03-01,5
"4258","Sanga","Gwantu",2025-03-01,2
"4263","Kudan","Hunkuyi",2025-03-01,2
"4268","Sabon_Gari","Jamaa",2025-03-01,2
"4271","Kagarko","Jere_south",2025-03-01,2
"4272","Sabon_Gari","Jushi",2025-03-01,2
"4278","Chikun","Kakau",2025-03-01,2
"4291","Lere","Kayarda",2025-03-01,2
"4292","Giwa","Kidandan",2025-03-01,2
"4302","Kagarko","Kurmin_jibrin",2025-03-01,3
"4311","Lere","Lere",2025-03-01,2
"4323","Chikun","Nassarawa",2025-03-01,2
"4325","Sanga","Ninzo_north",2025-03-01,3
"4337","Chikun","Rido",2025-03-01,2
"4341","Ikara","Rumi",2025-03-01,2
"4350","Lere","Saminaka",2025-03-01,2
"4355","Soba","Soba",2025-03-01,2
"4357","Birnin_Gwari","Tabanni",2025-03-01,2
"4359","Zaria","Tudun wada_zaria",2025-03-01,2
"4363","Soba","Turawa",2025-03-01,2
"4366","Zaria","Unguwan_juma",2025-03-01,2
"4368","Kaduna_North","Unguwan_sarki",2025-03-01,2
